setor;bairro;Distrito;Tipo;Domicílios;rede geral;poço profundo;poço raso;rios;outra forma;com banheiro exclusivo;sem banheiro;fossa séptica ou fossa filtro não ligada à rede;esgoto por fossa rudimentar ou buraco;esgoto do banheiro, sanitário ou buraco é vala;rio, lago, córrego ou mar;outra forma;coletado;depositado em caçamba;queimado;enterrado;jogado em terreno baldio;outro destino 
150130305000001;COMERCIAL;Sede;Tipo 1;175;50.3%;49.1%;0.0%;0.0%;0.0%;100.0%;0.0%;2.3%;5.7%;0.0%;0.0%;0.0%;100.0%;0.0%;0.0%;0.0%;0.0%;0.0% 
150130305000002;COMERCIAL;Sede;Tipo 1;193;34.2%;61.1%;4.7%;0.0%;0.0%;99.5%;0.0%;10.9%;1.6%;0.0%;0.0%;0.0%;100.0%;0.0%;0.0%;0.0%;0.0%;0.0% 
150130305000003;CENTRO;Sede;Tipo 1;336;29.2%;49.4%;21.1%;0.0%;0.0%;99.1%;0.0%;56.4%;0.0%;1.8%;0.0%;0.0%;99.1%;0.9%;0.0%;0.0%;0.0%;0.0% 
150130305000004;CENTRO;Sede;Tipo 1;219;5.0%;95.0%;0.0%;0.0%;0.0%;100.0%;0.0%;80.3%;1.8%;0.0%;0.0%;0.0%;99.5%;0.0%;0.0%;0.0%;0.0%;0.0% 
150130305000005;PEDREIRA;Sede;Tipo 1;283;7.1%;91.9%;1.1%;0.0%;0.0%;98.9%;0.0%;84.1%;2.8%;0.0%;0.0%;0.0%;99.6%;0.0%;0.0%;0.0%;0.0%;0.0% 
150130305000006;CENTRO;Sede;Tipo 1;374;4.3%;52.9%;42.8%;0.0%;0.0%;99.5%;0.0%;9.9%;63.1%;0.0%;0.0%;0.0%;97.9%;1.9%;0.0%;0.0%;0.0%;0.0% 
150130305000007;COMERCIAL;Sede;Tipo 1;210;49.5%;35.2%;14.8%;0.0%;0.0%;96.7%;1.4%;22.0%;9.1%;15.8%;14.8%;0.0%;96.7%;1.9%;0.0%;0.0%;0.0%;0.0% 
150130305000008;COMERCIAL;Sede;Tipo 1;265;47.2%;34.0%;18.1%;0.0%;0.0%;98.9%;0.0%;1.5%;35.3%;3.8%;36.4%;1.5%;99.2%;0.0%;0.0%;0.0%;0.0%;0.0% 
150130305000009;NAZARÉ;Sede;Tipo 1;369;23.3%;45.3%;28.2%;0.8%;2.4%;99.2%;0.0%;0.8%;75.8%;0.0%;3.0%;1.4%;99.5%;0.0%;0.0%;0.0%;0.0%;0.0% 
150130305000010;COMERCIAL;Sede;Tipo 1;247;29.6%;59.5%;10.5%;0.0%;0.0%;100.0%;0.0%;11.4%;48.3%;0.0%;0.0%;0.0%;100.0%;0.0%;0.0%;0.0%;0.0%;0.0% 
150130305000011;BETANIA;Sede;Tipo 1;349;19.8%;34.7%;44.7%;0.0%;0.9%;98.9%;0.0%;18.9%;41.0%;12.9%;8.6%;0.0%;99.7%;0.0%;0.0%;0.0%;0.0%;0.0% 
150130305000012;BETANIA;Sede;Tipo 1;350;10.0%;86.0%;4.0%;0.0%;0.0%;99.4%;0.0%;2.3%;96.8%;0.0%;0.0%;0.0%;99.1%;0.0%;0.0%;0.0%;0.0%;0.0% 
150130305000013;PEDREIRA;Sede;Tipo 1;213;1.4%;70.4%;28.2%;0.0%;0.0%;99.1%;0.0%;72.3%;23.0%;2.8%;0.0%;0.0%;100.0%;0.0%;0.0%;0.0%;0.0%;0.0% 
150130305000014;PEDREIRA;Sede;Tipo 1;262;9.2%;41.6%;48.9%;0.0%;0.0%;99.2%;0.0%;5.4%;82.3%;0.0%;0.0%;0.0%;99.6%;0.0%;0.0%;0.0%;0.0%;0.0% 
150130305000015;;Sede;Tipo 1;208;13.5%;42.8%;40.9%;1.4%;1.4%;99.0%;0.0%;41.8%;2.4%;18.3%;32.2%;0.0%;99.5%;0.0%;0.0%;0.0%;0.0%;0.0% 
150130305000016;COMERCIAL;Sede;Tipo 1;303;46.5%;51.8%;0.0%;1.0%;0.0%;86.5%;0.0%;0.0%;24.2%;1.3%;66.3%;0.0%;81.2%;15.9%;1.0%;0.0%;2.0%;0.0% 
150130305000017;NOVO II;Sede;Tipo 1;382;0.8%;99.2%;0.0%;0.0%;0.0%;98.7%;0.0%;0.8%;92.1%;0.0%;3.1%;0.0%;97.4%;1.3%;1.0%;0.0%;0.0%;0.0% 
150130305000020;BETANIA;Sede;Tipo 1;154;2.6%;96.8%;0.0%;0.0%;0.0%;100.0%;0.0%;3.9%;75.8%;20.3%;0.0%;0.0%;100.0%;0.0%;0.0%;0.0%;0.0%;0.0% 
150130305000021;BETANIA;Sede;Tipo 1;203;27.1%;58.6%;8.4%;0.0%;5.9%;99.0%;0.0%;16.7%;52.6%;26.1%;0.0%;4.4%;97.5%;0.0%;0.0%;0.0%;0.0%;0.0% 
150130305000022;LARANJAL;Murucupi;Tipo 3;201;38.8%;60.2%;0.0%;0.0%;0.0%;99.5%;0.0%;77.7%;4.0%;17.1%;0.0%;0.0%;100.0%;0.0%;0.0%;0.0%;0.0%;0.0% 
150130305000023;PIONEIRO;Murucupi;Tipo 3;114;66.7%;33.3%;0.0%;0.0%;0.0%;100.0%;0.0%;24.4%;27.0%;0.0%;0.0%;0.0%;98.2%;0.0%;0.0%;0.0%;0.0%;0.0% 
150130305000024;LARANJAL;Murucupi;Tipo 3;182;31.9%;67.0%;0.0%;0.0%;0.0%;98.9%;0.0%;92.1%;3.9%;0.0%;0.0%;0.0%;98.9%;0.0%;0.0%;0.0%;0.0%;0.0% 
150130305000027;;Sede;Tipo 8;246;1.2%;61.0%;27.2%;8.5%;0.0%;72.4%;0.0%;77.0%;23.8%;0.0%;0.0%;0.0%;28.5%;0.0%;68.8%;1.2%;2.0%;0.0% 
150130305000037;Sem bairro;Ilhas;Tipo 8;155;0.0%;0.0%;0.0%;100.0%;0.0%;32.3%;3.9%;32.9%;58.7%;0.0%;4.5%;0.0%;0.0%;0.0%;99.4%;0.0%;0.0%;0.0% 
150130305000040;Sem bairro;Ilhas;Tipo 8;122;0.0%;0.0%;2.5%;0.0%;54.1%;97.5%;0.0%;0.0%;96.7%;0.0%;0.0%;4.2%;0.0%;2.5%;99.2%;0.0%;0.0%;0.0% 
150130305000044;;Sede;Tipo 2;200;2.5%;29.0%;53.5%;0.0%;13.5%;94.0%;0.0%;6.6%;72.6%;10.2%;4.6%;7.1%;57.0%;11.7%;25.9%;0.0%;2.0%;3.0% 
150130305000045;Sem bairro;Ilhas;Tipo 5;127;99.2%;0.0%;0.0%;0.0%;0.0%;99.2%;0.0%;7.9%;91.3%;0.0%;0.0%;0.0%;98.4%;0.0%;0.0%;0.0%;0.0%;0.0% 
150130305000048;NOVO HOR.;Murucupi;Tipo 3;134;16.4%;83.6%;0.0%;0.0%;0.0%;99.3%;0.0%;58.9%;40.2%;0.0%;0.0%;0.0%;99.3%;0.0%;0.0%;0.0%;0.0%;0.0% 
150130305000049;NOVO HOR.;Murucupi;Tipo 3;57;0.0%;31.6%;66.7%;0.0%;0.0%;98.2%;0.0%;0.0%;98.2%;0.0%;0.0%;0.0%;94.7%;0.0%;0.0%;0.0%;0.0%;0.0% 
150130305000050;NOVO HOR.;Murucupi;Tipo 3;138;44.2%;55.8%;0.0%;0.0%;0.0%;98.6%;0.0%;90.3%;5.1%;0.0%;0.0%;0.0%;100.0%;0.0%;0.0%;0.0%;0.0%;0.0% 
150130305000051;NOVO HOR.;Murucupi;Tipo 3;130;59.2%;40.0%;0.0%;0.0%;0.0%;98.5%;0.0%;87.2%;3.1%;0.0%;0.0%;0.0%;100.0%;0.0%;0.0%;0.0%;0.0%;0.0% 
150130305000055;S. FRANC.;Murucupi;Tipo 3;190;75.3%;20.5%;3.7%;0.0%;0.0%;99.5%;0.0%;0.0%;80.1%;8.4%;0.0%;5.3%;94.7%;3.7%;1.6%;0.0%;0.0%;0.0% 
150130305000056;CENTRO;Sede;Tipo 1;172;36.6%;62.2%;0.0%;0.0%;0.0%;98.8%;0.0%;35.2%;5.3%;0.0%;0.0%;0.0%;100.0%;0.0%;0.0%;0.0%;0.0%;0.0% 
150130305000057;CENTRO;Sede;Tipo 1;185;9.2%;90.8%;0.0%;0.0%;0.0%;100.0%;0.0%;85.9%;2.7%;0.0%;0.0%;0.0%;100.0%;0.0%;0.0%;0.0%;0.0%;0.0% 
150130305000058;NAZARÉ;Sede;Tipo 1;306;9.5%;46.4%;40.8%;2.3%;1.0%;98.0%;0.0%;3.6%;74.8%;15.0%;1.0%;0.0%;96.4%;0.0%;2.3%;0.0%;0.0%;0.0% 
150130305000059;NAZARÉ;Sede;Tipo 1;385;16.4%;38.2%;45.2%;0.0%;0.0%;98.4%;0.0%;3.6%;64.8%;22.4%;2.6%;0.0%;99.7%;0.0%;0.0%;0.0%;0.0%;0.0% 
150130305000062;PEDREIRA;Sede;Tipo 1;218;6.4%;54.6%;37.2%;0.0%;0.0%;99.5%;0.0%;18.7%;70.5%;6.1%;0.0%;0.0%;96.8%;2.3%;0.0%;0.0%;0.0%;0.0% 
150130305000063;NOVO I;Sede;Tipo 1;244;1.2%;75.8%;23.0%;0.0%;0.0%;95.5%;0.0%;1.6%;74.2%;14.8%;1.6%;7.4%;96.7%;1.2%;1.6%;0.0%;0.0%;0.0% 
150130305000064;;Sede;Tipo 1;143;2.1%;97.9%;0.0%;0.0%;0.0%;86.0%;0.0%;3.5%;18.9%;0.0%;21.0%;37.1%;100.0%;0.0%;0.0%;0.0%;0.0%;0.0% 
150130305000065;LARANJAL;Murucupi;Tipo 3;104;52.9%;47.1%;0.0%;0.0%;0.0%;99.0%;0.0%;5.7%;92.8%;0.0%;0.0%;0.0%;100.0%;0.0%;0.0%;0.0%;0.0%;0.0% 
150130305000067;PIONEIRO;Murucupi;Tipo 3;176;71.0%;28.4%;0.0%;0.0%;0.0%;99.4%;0.0%;88.8%;4.6%;0.0%;0.0%;0.0%;100.0%;0.0%;0.0%;0.0%;0.0%;0.0% 
150130305000071;Sem bairro;Ilhas;Tipo 8;100;0.0%;42.0%;56.0%;0.0%;0.0%;99.0%;0.0%;0.0%;93.9%;5.1%;3.1%;0.0%;0.0%;39.8%;61.2%;0.0%;0.0%;0.0% 
150130305000073;Sem bairro;Ilhas;Tipo 8;172;0.0%;0.0%;0.0%;58.7%;41.3%;81.4%;1.7%;0.0%;58.1%;33.7%;5.2%;0.0%;0.0%;2.9%;95.9%;0.0%;0.0%;0.0% 
150130305000074;Sem bairro;Ilhas;Tipo 8;238;0.0%;0.0%;0.0%;3.8%;96.2%;69.3%;2.1%;0.0%;97.5%;0.0%;0.0%;0.0%;0.0%;0.0%;97.9%;0.0%;0.0%;2.1% 
150130305000075;NOVO HOR.;Murucupi;Tipo 3;119;46.2%;52.1%;0.0%;0.0%;0.0%;99.2%;0.0%;93.6%;6.8%;0.0%;0.0%;0.0%;84.0%;16.2%;0.0%;0.0%;0.0%;0.0% 
150130305000076;S. FRANC.;Murucupi;Tipo 3;191;84.8%;14.7%;0.0%;0.0%;0.0%;97.4%;0.0%;7.9%;84.9%;0.0%;0.0%;0.0%;98.4%;1.6%;0.0%;0.0%;0.0%;0.0% 
150130305000077;CENTRO;Sede;Tipo 1;203;5.4%;94.6%;0.0%;0.0%;0.0%;100.0%;0.0%;1.5%;77.8%;0.0%;0.0%;0.0%;100.0%;0.0%;0.0%;0.0%;0.0%;0.0% 
150130305000078;BETANIA;Sede;Tipo 1;263;0.0%;60.5%;38.4%;0.0%;0.0%;92.8%;1.5%;8.5%;86.5%;3.5%;0.0%;1.2%;85.9%;0.0%;13.1%;0.0%;0.0%;0.0% 
150130305000081;;Sede;Tipo 8;65;0.0%;86.2%;10.8%;0.0%;0.0%;81.5%;0.0%;92.1%;6.3%;0.0%;0.0%;0.0%;20.0%;0.0%;81.0%;0.0%;0.0%;0.0% 
150130305000085;Sem bairro;Ilhas;Tipo 8;208;0.0%;26.4%;59.6%;12.5%;1.4%;78.4%;2.9%;0.0%;88.0%;3.8%;4.8%;0.0%;36.5%;9.6%;50.0%;3.4%;0.0%;0.0% 
150130305000087;Sem bairro;Estrada;Tipo 5;64;62.5%;37.5%;0.0%;0.0%;0.0%;82.8%;0.0%;68.1%;29.4%;0.0%;0.0%;0.0%;96.9%;0.0%;0.0%;0.0%;0.0%;0.0% 
150130305000090;JARDIM CA;Vila do Conde;Tipo 3;122;41.0%;18.0%;4.1%;0.0%;7.4%;89.3%;0.0%;9.1%;75.8%;6.6%;0.0%;5.8%;64.8%;9.9%;15.6%;0.0%;7.4%;0.0% 
150130305000092;Sem bairro;Ilhas;Tipo 5;117;100.0%;0.0%;0.0%;0.0%;0.0%;97.4%;0.0%;0.0%;98.3%;0.0%;0.0%;0.0%;99.1%;0.0%;0.0%;0.0%;0.0%;0.0% 
150130305000093;NOVO HOR.;Murucupi;Tipo 3;184;39.1%;58.7%;2.2%;0.0%;0.0%;99.5%;0.0%;88.4%;7.6%;0.0%;0.0%;0.0%;99.5%;0.0%;0.0%;0.0%;0.0%;0.0% 
150130305000094;NOVO HOR.;Murucupi;Tipo 3;199;67.3%;30.7%;0.0%;0.0%;2.0%;98.5%;0.0%;0.0%;98.2%;0.0%;0.0%;0.0%;100.0%;0.0%;0.0%;0.0%;0.0%;0.0% 
150130305000095;BRIOLAND.;Murucupi;Tipo 3;160;26.9%;67.5%;5.6%;0.0%;0.0%;99.4%;0.0%;98.6%;0.0%;0.0%;0.0%;0.0%;100.0%;0.0%;0.0%;0.0%;0.0%;0.0% 
150130305000097;LARANJAL;Murucupi;Tipo 3;70;44.3%;48.6%;5.7%;0.0%;0.0%;97.1%;0.0%;95.0%;0.0%;0.0%;0.0%;0.0%;97.1%;0.0%;0.0%;0.0%;0.0%;0.0% 
150130305000098;LARANJAL;Murucupi;Tipo 3;81;40.7%;58.0%;0.0%;0.0%;0.0%;98.8%;0.0%;0.0%;85.8%;0.0%;0.0%;0.0%;100.0%;0.0%;0.0%;0.0%;0.0%;0.0% 
150130305000099;Sem bairro;Ilhas;Tipo 5;114;0.0%;50.9%;44.7%;2.6%;0.0%;97.4%;0.0%;13.4%;86.6%;0.0%;0.0%;0.0%;74.6%;0.0%;24.1%;0.0%;0.0%;0.0% 
150130305000100;BETANIA;Sede;Tipo 1;218;36.2%;40.8%;22.5%;0.0%;0.0%;99.1%;0.0%;14.3%;39.1%;3.7%;2.3%;0.0%;98.6%;0.0%;0.0%;0.0%;0.0%;0.0% 
150130305000101;BETANIA;Sede;Tipo 2;23;52.2%;43.5%;0.0%;0.0%;0.0%;95.7%;0.0%;53.3%;35.5%;0.0%;0.0%;0.0%;30.4%;48.8%;0.0%;0.0%;0.0%;0.0% 
150130305000102;BETANIA;Sede;Tipo 1;108;91.7%;6.5%;0.0%;0.0%;0.0%;100.0%;0.0%;0.0%;4.7%;0.0%;0.0%;0.0%;96.3%;3.7%;0.0%;0.0%;0.0%;0.0% 
150130305000103;BETANIA;Sede;Tipo 1;225;95.6%;4.4%;0.0%;0.0%;0.0%;99.6%;0.0%;1.3%;12.4%;0.0%;0.0%;0.0%;100.0%;0.0%;0.0%;0.0%;0.0%;0.0% 
150130305000104;BETANIA;Sede;Tipo 2;23;0.0%;30.4%;43.5%;0.0%;21.7%;52.2%;0.0%;45.5%;50.0%;0.0%;0.0%;0.0%;56.5%;0.0%;45.5%;0.0%;0.0%;0.0% 
150130305000105;BETANIA;Sede;Tipo 1;124;89.5%;10.5%;0.0%;0.0%;0.0%;99.2%;0.0%;0.0%;62.5%;0.0%;0.0%;0.0%;99.2%;0.0%;0.0%;0.0%;0.0%;0.0% 
150130305000106;BETANIA;Sede;Tipo 1;246;0.0%;65.4%;33.3%;0.0%;0.0%;93.1%;0.0%;0.0%;95.1%;2.5%;0.0%;1.6%;91.1%;2.5%;2.9%;0.0%;3.3%;0.0% 
150130305000107;PIONEIRO;Murucupi;Tipo 3;121;64.5%;33.9%;0.0%;0.0%;0.0%;98.3%;0.0%;62.7%;0.0%;2.5%;0.0%;0.0%;100.0%;0.0%;0.0%;0.0%;0.0%;0.0% 
150130305000108;LARANJAL;Murucupi;Tipo 3;136;19.9%;78.7%;0.0%;0.0%;0.0%;98.5%;0.0%;93.9%;0.0%;0.0%;0.0%;0.0%;99.3%;0.0%;0.0%;0.0%;0.0%;0.0% 
150130305000111;;Sede;Tipo 2;105;0.0%;0.0%;41.0%;55.2%;0.0%;78.1%;5.7%;57.4%;31.7%;0.0%;5.9%;0.0%;22.9%;11.9%;68.3%;0.0%;0.0%;0.0% 
150130305000112;;Sede;Tipo 2;253;79.4%;8.7%;6.3%;4.0%;1.6%;96.4%;0.0%;0.0%;92.2%;6.7%;0.0%;0.0%;93.3%;1.2%;5.5%;0.0%;0.0%;0.0% 
150130305000113;BETANIA;Sede;Tipo 8;56;0.0%;48.2%;48.2%;0.0%;0.0%;91.1%;0.0%;94.4%;7.4%;0.0%;0.0%;0.0%;73.2%;0.0%;24.1%;0.0%;0.0%;0.0% 
150130305000118;NOVO HOR.;Murucupi;Tipo 3;105;41.9%;56.2%;0.0%;0.0%;0.0%;99.0%;0.0%;13.5%;83.2%;2.9%;0.0%;0.0%;98.1%;0.0%;0.0%;0.0%;0.0%;0.0% 
150130305000119;BETANIA;Sede;Tipo 1;183;12.6%;68.9%;6.0%;0.0%;12.0%;78.7%;0.0%;7.7%;90.6%;0.0%;0.0%;0.0%;73.8%;0.0%;23.6%;0.0%;2.7%;0.0% 
150130305000120;;Sede;Tipo 2;118;5.1%;84.7%;7.6%;0.0%;2.5%;84.7%;0.0%;0.0%;96.6%;0.0%;0.0%;0.0%;60.2%;0.0%;28.8%;3.4%;5.9%;0.0% 
150130305000121;;Sede;Tipo 8;195;0.0%;65.1%;24.6%;2.6%;7.2%;64.6%;0.0%;68.6%;32.0%;0.0%;0.0%;0.0%;39.5%;0.0%;58.8%;0.0%;2.1%;0.0% 
150130305000122;NOVO HOR.;Murucupi;Tipo 3;78;32.1%;66.7%;0.0%;0.0%;0.0%;97.4%;0.0%;95.7%;0.0%;0.0%;0.0%;0.0%;38.5%;60.8%;0.0%;0.0%;0.0%;0.0% 
150130305000123;NOVO HOR.;Murucupi;Tipo 3;18;0.0%;94.4%;0.0%;0.0%;0.0%;100.0%;0.0%;0.0%;94.1%;0.0%;0.0%;0.0%;38.9%;0.0%;58.8%;0.0%;0.0%;0.0% 
150130305000124;NOVO HOR.;Murucupi;Tipo 3;62;38.7%;61.3%;0.0%;0.0%;0.0%;93.5%;0.0%;4.8%;75.3%;16.0%;0.0%;0.0%;96.8%;0.0%;0.0%;0.0%;0.0%;0.0% 
150130305000125;NOVO HOR.;Murucupi;Tipo 2;74;14.9%;81.1%;4.1%;0.0%;0.0%;98.6%;0.0%;0.0%;95.8%;0.0%;0.0%;0.0%;94.6%;0.0%;4.0%;0.0%;0.0%;0.0% 
150130305000127;;Sede;Tipo 5;32;0.0%;87.5%;0.0%;0.0%;0.0%;78.1%;0.0%;96.4%;17.9%;0.0%;0.0%;0.0%;68.8%;0.0%;35.7%;0.0%;0.0%;0.0% 
150130305000129;BETANIA;Sede;Tipo 1;149;12.1%;79.9%;6.7%;0.0%;0.0%;96.6%;0.0%;82.9%;7.5%;7.5%;0.0%;0.0%;82.6%;17.0%;0.0%;0.0%;0.0%;0.0% 
150130305000130;BETANIA;Sede;Tipo 2;114;0.0%;91.2%;7.9%;0.0%;0.0%;97.4%;0.0%;78.8%;14.2%;5.3%;0.0%;0.0%;85.1%;9.7%;4.4%;0.0%;0.0%;0.0% 
150130305000131;BETANIA;Sede;Tipo 1;167;1.8%;49.7%;47.9%;0.0%;0.0%;95.8%;0.0%;63.2%;33.1%;1.8%;0.0%;0.0%;97.0%;0.0%;0.0%;0.0%;0.0%;0.0% 
150130305000132;BETANIA;Sede;Tipo 1;60;0.0%;100.0%;0.0%;0.0%;0.0%;96.7%;0.0%;5.0%;78.3%;5.0%;10.0%;0.0%;98.3%;0.0%;0.0%;0.0%;0.0%;0.0% 
150130305000133;BETANIA;Sede;Tipo 1;50;12.0%;42.0%;46.0%;0.0%;0.0%;96.0%;0.0%;89.8%;0.0%;0.0%;0.0%;0.0%;100.0%;0.0%;0.0%;0.0%;0.0%;0.0% 
150130305000134;BETANIA;Sede;Tipo 1;333;11.4%;43.2%;45.0%;0.0%;0.0%;98.2%;0.0%;74.7%;0.0%;5.7%;13.2%;0.0%;94.3%;2.4%;3.0%;0.0%;0.0%;0.0% 
150130305000135;;Murucupi;Tipo 3;96;0.0%;94.8%;0.0%;0.0%;0.0%;97.9%;0.0%;97.8%;4.4%;0.0%;0.0%;0.0%;80.2%;0.0%;17.6%;0.0%;0.0%;0.0% 
150130305000136;;Murucupi;Tipo 2;103;0.0%;74.8%;20.4%;0.0%;3.9%;96.1%;0.0%;0.0%;96.1%;0.0%;2.9%;0.0%;52.4%;5.9%;38.2%;0.0%;0.0%;0.0% 
150130305000145;Sem bairro;Ilhas;Tipo 5;16;0.0%;0.0%;0.0%;100.0%;0.0%;68.8%;0.0%;0.0%;100.0%;0.0%;0.0%;0.0%;0.0%;0.0%;93.8%;0.0%;0.0%;0.0% 
150130305000146;Sem bairro;Ilhas;Tipo 8;185;0.0%;0.0%;0.0%;42.2%;45.4%;51.9%;12.4%;0.0%;87.5%;0.0%;0.0%;0.0%;0.0%;0.0%;97.8%;0.0%;0.0%;1.6% 
150130305000147;PIONEIRO;Murucupi;Tipo 3;96;55.2%;44.8%;0.0%;0.0%;0.0%;97.9%;0.0%;51.8%;0.0%;0.0%;0.0%;0.0%;100.0%;0.0%;0.0%;0.0%;0.0%;0.0% 
150130305000148;PIONEIRO;Murucupi;Tipo 3;131;46.6%;51.9%;0.0%;0.0%;0.0%;98.5%;0.0%;18.5%;48.7%;0.0%;0.0%;0.0%;96.2%;3.1%;0.0%;0.0%;0.0%;0.0% 
150130305000151;;Vila do Conde;Tipo 2;292;0.0%;97.9%;0.0%;0.0%;0.0%;88.0%;0.0%;88.3%;11.7%;0.0%;0.0%;0.0%;1.7%;0.0%;97.6%;0.0%;0.0%;0.0% 
150130305000154;PIONEIRO;Murucupi;Tipo 3;145;74.5%;24.8%;0.0%;0.0%;0.0%;97.9%;0.0%;4.1%;68.4%;2.1%;0.0%;24.2%;92.4%;6.2%;0.0%;0.0%;0.0%;0.0% 
150130305000155;PIONEIRO;Murucupi;Tipo 3;168;67.9%;31.5%;0.0%;0.0%;0.0%;98.8%;0.0%;13.1%;66.8%;0.0%;0.0%;7.8%;95.2%;4.2%;0.0%;0.0%;0.0%;0.0% 
150130305000156;PIONEIRO;Murucupi;Tipo 3;172;66.3%;33.1%;0.0%;0.0%;0.0%;98.3%;0.0%;16.3%;48.4%;3.5%;0.0%;12.2%;94.8%;5.2%;0.0%;0.0%;0.0%;0.0% 
150130305000157;NOVO HOR.;Murucupi;Tipo 3;103;2.9%;91.3%;3.9%;0.0%;0.0%;99.0%;0.0%;54.4%;4.0%;24.7%;0.0%;0.0%;100.0%;0.0%;0.0%;0.0%;0.0%;0.0% 
150130305000158;NOVO HOR.;Murucupi;Tipo 3;128;7.0%;89.8%;2.3%;0.0%;0.0%;98.4%;0.0%;7.9%;76.3%;7.1%;0.0%;5.5%;97.7%;2.4%;0.0%;0.0%;0.0%;0.0% 
150130305000159;NOVO HOR.;Murucupi;Tipo 3;96;55.2%;44.8%;0.0%;0.0%;0.0%;99.0%;0.0%;55.9%;28.0%;0.0%;0.0%;0.0%;97.9%;0.0%;0.0%;0.0%;0.0%;0.0% 
150130305000160;NOVO HOR.;Murucupi;Tipo 3;88;46.6%;53.4%;0.0%;0.0%;0.0%;100.0%;0.0%;4.5%;95.0%;0.0%;0.0%;0.0%;98.9%;0.0%;0.0%;0.0%;0.0%;0.0% 
150130305000162;BRIOLAND.;Murucupi;Tipo 3;129;6.2%;89.9%;3.1%;0.0%;0.0%;100.0%;0.0%;100.7%;0.0%;0.0%;0.0%;0.0%;100.0%;0.0%;0.0%;0.0%;0.0%;0.0% 
150130305000163;S. FRANC.;Murucupi;Tipo 3;60;93.3%;6.7%;0.0%;0.0%;0.0%;96.7%;0.0%;14.8%;65.6%;13.1%;0.0%;0.0%;95.0%;0.0%;4.9%;0.0%;0.0%;0.0% 
150130305000164;S. FRANC.;Murucupi;Tipo 3;132;33.3%;31.1%;34.8%;0.0%;0.0%;98.5%;0.0%;6.9%;84.5%;4.6%;0.0%;0.0%;75.8%;20.6%;2.3%;0.0%;0.0%;0.0% 
150130305000165;LARANJAL;Murucupi;Tipo 3;131;10.7%;87.8%;0.0%;0.0%;0.0%;98.5%;0.0%;82.9%;8.5%;0.0%;0.0%;0.0%;99.2%;0.0%;0.0%;0.0%;0.0%;0.0% 
150130305000166;LARANJAL;Murucupi;Tipo 3;125;29.6%;69.6%;0.0%;0.0%;0.0%;98.4%;0.0%;7.2%;90.1%;0.0%;0.0%;0.0%;98.4%;0.0%;0.0%;0.0%;0.0%;0.0% 
150130305000168;NOVO HOR.;Murucupi;Tipo 3;99;0.0%;96.0%;0.0%;0.0%;0.0%;98.0%;0.0%;0.0%;102.1%;0.0%;0.0%;0.0%;92.9%;0.0%;6.3%;0.0%;0.0%;0.0% 
150130305000169;BRIOLAND.;Murucupi;Tipo 3;141;4.3%;87.2%;5.7%;0.0%;0.0%;97.9%;0.0%;0.0%;100.0%;0.0%;0.0%;0.0%;85.1%;15.3%;0.0%;0.0%;0.0%;0.0% 
150130305000171;BETANIA;Sede;Tipo 1;62;0.0%;51.6%;45.2%;0.0%;0.0%;98.4%;0.0%;31.7%;45.0%;21.7%;0.0%;0.0%;87.1%;0.0%;11.7%;0.0%;0.0%;0.0% 
150130305000172;Sem bairro;Ilhas;Tipo 5;117;0.0%;40.2%;59.0%;0.0%;0.0%;99.1%;0.0%;0.0%;94.0%;5.2%;0.0%;0.0%;0.0%;37.1%;62.1%;0.0%;0.0%;0.0% 
150130305000173;Sem bairro;Ilhas;Tipo 8;191;0.0%;22.5%;74.3%;0.0%;2.6%;96.3%;0.0%;3.2%;88.9%;3.7%;2.1%;2.1%;;41.6%;56.3%;0.0%;0.0%;0.0% 
150130305000174;Sem bairro;Ilhas;Tipo 8;209;0.0%;0.0%;0.0%;2.4%;97.6%;85.2%;1.4%;0.0%;69.4%;18.2%;6.7%;3.8%;0.0%;0.0%;97.6%;1.4%;0.0%;0.0% 
150130305000175;Sem bairro;Ilhas;Tipo 8;230;0.0%;0.0%;0.0%;25.7%;73.5%;76.5%;0.0%;0.0%;73.7%;20.2%;4.4%;2.2%;0.0%;0.0%;100.0%;0.0%;0.0%;0.0% 
150130305000176;Sem bairro;Ilhas;Tipo 8;107;10.3%;0.0%;0.0%;7.5%;81.3%;90.7%;0.0%;42.4%;53.7%;0.0%;2.8%;0.0%;14.0%;4.7%;81.1%;0.0%;0.0%;0.0% 
150130305000177;Sem bairro;Ilhas;Tipo 8;79;0.0%;17.7%;0.0%;13.9%;68.4%;89.9%;0.0%;35.4%;62.0%;0.0%;0.0%;0.0%;0.0%;0.0%;100.0%;0.0%;0.0%;0.0% 
150130305000180;Sem bairro;Estrada;Tipo 8;78;5.1%;89.7%;0.0%;3.8%;0.0%;69.2%;0.0%;49.3%;48.0%;0.0%;0.0%;0.0%;16.7%;0.0%;76.6%;3.9%;0.0%;0.0% 
150130305000182;BRIOLAND.;Murucupi;Tipo 3;82;15.9%;74.4%;4.9%;0.0%;4.9%;96.3%;0.0%;6.1%;88.9%;3.7%;0.0%;0.0%;96.3%;0.0%;0.0%;0.0%;0.0%;0.0% 
150130305000183;BRIOLAND.;Murucupi;Tipo 3;69;15.9%;81.2%;0.0%;0.0%;0.0%;95.7%;0.0%;0.0%;90.8%;4.5%;0.0%;0.0%;97.1%;0.0%;0.0%;0.0%;0.0%;0.0% 
150130305000185;Sem bairro;Estrada;Tipo 5;104;36.5%;51.0%;11.5%;0.0%;0.0%;87.5%;0.0%;46.4%;52.2%;0.0%;0.0%;0.0%;78.8%;0.0%;20.3%;0.0%;0.0%;0.0% 
150130305000186;Sem bairro;Estrada;Tipo 5;67;95.5%;0.0%;0.0%;0.0%;0.0%;88.1%;0.0%;90.8%;10.8%;0.0%;0.0%;0.0%;85.1%;0.0%;13.9%;0.0%;0.0%;0.0% 
150130305000187;Sem bairro;Estrada;Tipo 8;137;4.4%;94.2%;0.0%;0.0%;0.0%;81.0%;0.0%;80.7%;16.3%;0.0%;0.0%;2.2%;70.8%;0.0%;28.9%;0.0%;0.0%;0.0% 
150130305000188;Sem bairro;Estrada;Tipo 8;205;4.4%;92.7%;0.0%;2.0%;0.0%;73.2%;0.0%;73.4%;26.1%;0.0%;0.0%;0.0%;43.9%;0.0%;55.7%;0.0%;0.0%;0.0% 
150130305000189;Sem bairro;Estrada;Tipo 7;13;0.0%;100.0%;0.0%;0.0%;0.0%;61.5%;0.0%;84.6%;0.0%;0.0%;0.0%;0.0%;0.0%;0.0%;100.0%;0.0%;0.0%;0.0% 
150130305000190;Sem bairro;Estrada;Tipo 5;94;0.0%;97.9%;0.0%;0.0%;0.0%;94.7%;0.0%;81.5%;16.3%;0.0%;0.0%;0.0%;72.3%;4.3%;22.8%;0.0%;0.0%;0.0% 
150130305000191;Sem bairro;Estrada;Tipo 5;14;0.0%;92.9%;0.0%;0.0%;0.0%;78.6%;0.0%;107.7%;0.0%;0.0%;0.0%;0.0%;100.0%;0.0%;0.0%;0.0%;0.0%;0.0% 
150130305000192;;Vila do Conde;Tipo 8;311;0.0%;93.9%;1.3%;1.3%;0.0%;90.7%;0.0%;68.9%;26.5%;3.2%;0.0%;1.3%;20.6%;4.2%;72.5%;0.0%;2.6%;0.0% 
150130305000193;;Sede;Tipo 7;34;0.0%;100.0%;0.0%;0.0%;0.0%;91.2%;0.0%;79.4%;20.6%;0.0%;0.0%;0.0%;0.0%;0.0%;94.1%;0.0%;0.0%;0.0% 
150130305000194;Sem bairro;Estrada;Tipo 8;191;60.2%;19.4%;4.2%;4.7%;9.9%;83.8%;0.0%;0.0%;88.7%;1.6%;0.0%;8.4%;66.0%;0.0%;33.9%;0.0%;0.0%;0.0% 
150130305000195;Sem bairro;Estrada;Tipo 5;45;93.3%;6.7%;0.0%;0.0%;0.0%;95.6%;0.0%;65.3%;32.7%;0.0%;0.0%;0.0%;82.2%;0.0%;15.2%;0.0%;0.0%;0.0% 
150130305000196;Sem bairro;Estrada;Tipo 8;79;16.5%;35.4%;0.0%;7.6%;39.2%;82.3%;0.0%;57.6%;42.2%;0.0%;0.0%;0.0%;38.0%;6.4%;55.0%;0.0%;0.0%;0.0% 
150130305000197;Sem bairro;Estrada;Tipo 7;63;93.7%;4.8%;0.0%;0.0%;0.0%;76.2%;0.0%;52.4%;44.5%;0.0%;0.0%;0.0%;93.7%;0.0%;0.0%;0.0%;0.0%;0.0% 
150130305000198;BETANIA;Sede;Tipo 2;20;0.0%;25.0%;75.0%;0.0%;0.0%;95.0%;0.0%;0.0%;85.0%;0.0%;0.0%;0.0%;100.0%;0.0%;0.0%;0.0%;0.0%;0.0% 
150130305000199;NOVO I;Sede;Tipo 1;395;0.0%;76.5%;22.8%;0.0%;0.0%;99.5%;0.0%;0.0%;88.8%;3.1%;8.2%;0.0%;100.0%;0.0%;0.0%;0.0%;0.0%;0.0% 
150130305000200;LARANJAL;Murucupi;Tipo 3;64;53.1%;37.5%;9.4%;0.0%;0.0%;100.0%;0.0%;77.5%;13.9%;0.0%;0.0%;0.0%;96.9%;0.0%;0.0%;0.0%;0.0%;0.0% 
150130305000201;LARANJAL;Murucupi;Tipo 3;208;42.3%;56.3%;0.0%;0.0%;0.0%;100.0%;0.0%;97.8%;1.5%;0.0%;0.0%;0.0%;100.0%;0.0%;0.0%;0.0%;0.0%;0.0% 
150130305000202;S. FRANC.;Murucupi;Tipo 3;131;9.2%;84.7%;6.1%;0.0%;0.0%;96.9%;0.0%;2.3%;95.4%;0.0%;0.0%;2.3%;87.8%;0.0%;12.2%;0.0%;0.0%;0.0% 
150130305000203;S. FRANC.;Murucupi;Tipo 3;188;42.0%;47.9%;9.6%;0.0%;0.0%;98.4%;0.0%;12.8%;78.4%;2.1%;0.0%;0.0%;92.0%;0.0%;4.8%;0.0%;0.0%;3.2% 
150130305000204;LARANJAL;Murucupi;Tipo 3;86;32.6%;67.4%;0.0%;0.0%;0.0%;96.5%;0.0%;0.0%;96.1%;0.0%;0.0%;0.0%;100.0%;0.0%;0.0%;0.0%;0.0%;0.0% 
150130305000205;LARANJAL;Murucupi;Tipo 3;122;4.1%;95.9%;0.0%;0.0%;0.0%;100.0%;0.0%;0.0%;96.7%;0.0%;0.0%;0.0%;100.0%;0.0%;0.0%;0.0%;0.0%;0.0% 
150130305000206;NOVO HOR.;Murucupi;Tipo 3;137;2.9%;49.6%;46.7%;0.0%;0.0%;98.5%;0.0%;2.9%;86.0%;4.4%;0.0%;0.0%;100.0%;0.0%;0.0%;0.0%;0.0%;0.0% 
150130305000207;NOVO HOR.;Murucupi;Tipo 3;107;0.0%;36.4%;63.6%;0.0%;0.0%;99.1%;0.0%;0.0%;94.4%;0.0%;0.0%;0.0%;100.0%;0.0%;0.0%;0.0%;0.0%;0.0% 
150130305000208;BETANIA;Sede;Tipo 1;197;6.1%;13.2%;80.7%;0.0%;0.0%;93.9%;0.0%;80.7%;8.1%;0.0%;9.1%;0.0%;82.2%;9.6%;7.6%;0.0%;0.0%;0.0% 
150130305000209;BETANIA;Sede;Tipo 1;222;3.2%;30.2%;66.2%;0.0%;0.0%;97.7%;0.0%;76.9%;20.8%;0.0%;0.0%;0.0%;93.2%;5.9%;0.0%;0.0%;0.0%;0.0% 
150130305000210;PIONEIRO;Murucupi;Tipo 3;195;32.8%;53.8%;13.3%;0.0%;0.0%;100.0%;0.0%;92.7%;2.0%;0.0%;0.0%;0.0%;99.0%;0.0%;0.0%;0.0%;0.0%;0.0% 
150130305000211;LARANJAL;Murucupi;Tipo 3;90;32.2%;57.8%;10.0%;0.0%;0.0%;100.0%;0.0%;81.9%;0.0%;0.0%;0.0%;0.0%;100.0%;0.0%;0.0%;0.0%;0.0%;0.0% 
150130305000212;PIONEIRO;Murucupi;Tipo 3;113;67.3%;32.7%;0.0%;0.0%;0.0%;99.1%;0.0%;7.9%;77.4%;0.0%;0.0%;0.0%;99.1%;0.0%;0.0%;0.0%;0.0%;0.0% 
150130305000213;PIONEIRO;Murucupi;Tipo 3;112;59.8%;40.2%;0.0%;0.0%;0.0%;100.0%;0.0%;32.0%;47.1%;0.0%;0.0%;0.0%;99.1%;0.0%;0.0%;0.0%;0.0%;0.0% 
150130305000214;NOVO HOR.;Murucupi;Tipo 3;111;2.7%;81.1%;12.6%;0.0%;3.6%;98.2%;0.0%;0.0%;93.7%;3.6%;0.0%;0.0%;95.5%;0.0%;4.5%;0.0%;0.0%;0.0% 
150130305000215;NOVO HOR.;Murucupi;Tipo 3;208;15.4%;82.7%;0.0%;0.0%;0.0%;99.5%;0.0%;2.4%;97.5%;0.0%;0.0%;0.0%;99.5%;0.0%;0.0%;0.0%;0.0%;0.0% 
150130305000216;Sem bairro;Ilhas;Tipo 8;191;0.0%;3.1%;22.0%;18.3%;56.5%;61.8%;3.1%;0.0%;96.9%;0.0%;0.0%;0.0%;0.0%;0.0%;97.4%;0.0%;1.6%;0.0% 
150130305000217;Sem bairro;Ilhas;Tipo 8;81;0.0%;8.6%;29.6%;18.5%;43.2%;69.1%;4.9%;0.0%;93.8%;0.0%;0.0%;0.0%;0.0%;0.0%;96.3%;0.0%;3.7%;0.0% 
150130305000218;VILA D CA;Murucupi;Tipo 3;115;33.0%;44.3%;5.2%;0.0%;0.0%;98.3%;0.0%;2.6%;96.2%;0.0%;0.0%;0.0%;71.3%;0.0%;27.7%;0.0%;0.0%;0.0% 
150130305000219;PIONEIRO;Murucupi;Tipo 3;286;78.0%;15.7%;1.4%;0.0%;1.0%;97.2%;0.0%;4.5%;87.9%;2.1%;0.0%;0.0%;90.2%;1.0%;8.4%;0.0%;0.0%;0.0% 
150130305000220;PIONEIRO;Murucupi;Tipo 3;96;45.8%;29.2%;0.0%;0.0%;0.0%;97.9%;0.0%;0.0%;86.8%;9.5%;0.0%;0.0%;13.5%;12.7%;44.5%;0.0%;23.3%;7.4% 
150130305000221;PIONEIRO;Murucupi;Tipo 3;120;69.2%;30.0%;0.0%;0.0%;0.0%;98.3%;0.0%;5.8%;28.4%;0.0%;0.0%;2.5%;89.2%;10.0%;0.0%;0.0%;0.0%;0.0% 
150130305000222;NOVO HOR.;Murucupi;Tipo 3;176;0.0%;88.6%;4.5%;4.0%;0.0%;98.9%;0.0%;1.8%;99.4%;0.0%;0.0%;0.0%;96.0%;2.3%;0.0%;0.0%;0.0%;0.0% 
150130305000223;NOVO HOR.;Murucupi;Tipo 3;98;3.1%;91.8%;0.0%;0.0%;0.0%;99.0%;0.0%;0.0%;104.3%;0.0%;0.0%;0.0%;94.9%;4.3%;0.0%;0.0%;0.0%;0.0% 
150130305000224;BRIOLAND.;Murucupi;Tipo 3;125;0.0%;74.4%;24.8%;0.0%;0.0%;99.2%;0.0%;99.2%;0.0%;0.0%;0.0%;0.0%;98.4%;0.0%;0.0%;0.0%;0.0%;0.0% 
150130305000225;BRIOLAND.;Murucupi;Tipo 3;124;0.0%;94.4%;4.0%;0.0%;0.0%;99.2%;0.0%;100.0%;0.0%;0.0%;0.0%;0.0%;99.2%;0.0%;0.0%;0.0%;0.0%;0.0% 
150130305000226;VILA D CA;Murucupi;Tipo 3;95;65.3%;23.2%;4.2%;0.0%;3.2%;93.7%;0.0%;5.2%;72.1%;3.1%;12.5%;0.0%;80.0%;12.5%;7.3%;0.0%;0.0%;0.0% 
150130305000227;PIONEIRO;Murucupi;Tipo 3;115;73.9%;22.6%;0.0%;0.0%;2.6%;96.5%;0.0%;2.6%;81.1%;0.0%;0.0%;0.0%;86.1%;10.5%;3.5%;0.0%;0.0%;0.0% 
150130305000228;Sem bairro;Ilhas;Tipo 8;161;0.0%;20.5%;70.2%;5.0%;4.3%;93.8%;0.0%;2.5%;79.5%;9.3%;6.2%;2.5%;1.9%;40.4%;57.8%;0.0%;0.0%;0.0% 
150130305000229;Sem bairro;Ilhas;Tipo 5;38;0.0%;18.4%;81.6%;0.0%;0.0%;92.1%;0.0%;0.0%;94.7%;0.0%;0.0%;0.0%;;94.7%;0.0%;0.0%;0.0%;0.0% 
150130305000230;Sem bairro;Ilhas;Tipo 8;22;0.0%;0.0%;50.0%;36.4%;0.0%;81.8%;0.0%;0.0%;73.7%;26.3%;0.0%;0.0%;27.3%;0.0%;84.2%;0.0%;0.0%;0.0% 
150130305000231;Sem bairro;Ilhas;Tipo 5;89;0.0%;68.5%;29.2%;0.0%;0.0%;97.8%;0.0%;0.0%;102.3%;0.0%;0.0%;0.0%;95.5%;0.0%;4.6%;0.0%;0.0%;0.0% 
150130305000232;LARANJAL;Murucupi;Tipo 3;50;6.0%;24.0%;70.0%;0.0%;0.0%;90.0%;0.0%;0.0%;97.9%;0.0%;0.0%;0.0%;96.0%;0.0%;0.0%;0.0%;0.0%;0.0% 
150130305000234;FOGUETEI.;Murucupi;Tipo 3;10;0.0%;100.0%;0.0%;0.0%;0.0%;90.0%;0.0%;0.0%;100.0%;0.0%;0.0%;0.0%;100.0%;0.0%;0.0%;0.0%;0.0%;0.0% 
150130305000235;Sem bairro;Sede;Tipo 8;213;0.0%;98.1%;0.0%;0.0%;0.0%;78.4%;0.0%;79.9%;21.5%;0.0%;0.0%;0.0%;8.9%;0.0%;90.9%;0.0%;0.0%;0.0% 
150130305000236;Sem bairro;Sede;Tipo 7;75;0.0%;100.0%;0.0%;0.0%;0.0%;73.3%;0.0%;86.7%;13.3%;0.0%;0.0%;0.0%;;0.0%;94.7%;0.0%;0.0%;0.0% 
150130305000237;;Murucupi;Tipo 8;232;3.4%;60.8%;27.6%;7.3%;0.0%;89.2%;0.0%;3.5%;92.2%;0.0%;4.8%;0.0%;81.0%;0.0%;18.7%;0.0%;0.0%;0.0% 
150130305000239;Sem bairro;Ilhas;Tipo 8;151;2.0%;15.2%;79.5%;0.0%;2.6%;98.0%;0.0%;0.0%;88.7%;8.7%;2.0%;0.0%;68.2%;0.0%;32.0%;0.0%;0.0%;0.0% 
150130305000240;Sem bairro;Ilhas;Tipo 5;25;48.0%;32.0%;20.0%;0.0%;0.0%;100.0%;0.0%;0.0%;86.3%;11.8%;0.0%;0.0%;56.0%;0.0%;43.2%;0.0%;0.0%;0.0% 
150130305000241;;Sede;Tipo 8;169;30.8%;19.5%;24.9%;8.3%;16.6%;66.3%;0.0%;67.3%;28.9%;0.0%;0.0%;0.0%;36.1%;0.0%;63.8%;0.0%;0.0%;0.0% 
150130305000242;;Vila do Conde;Tipo 8;46;0.0%;58.7%;34.8%;0.0%;6.5%;84.8%;0.0%;0.0%;80.4%;0.0%;0.0%;10.9%;34.8%;39.1%;21.7%;0.0%;0.0%;0.0% 
150130310000004;V. DO CON;Vila do Conde;Tipo 1;215;52.6%;47.0%;0.0%;0.0%;0.0%;99.5%;0.0%;86.7%;6.5%;1.4%;0.0%;0.0%;67.9%;32.2%;0.0%;0.0%;0.0%;0.0% 
150130310000005;HORIZONTE;Vila do Conde;Tipo 1;124;65.3%;23.4%;8.1%;0.0%;2.4%;98.4%;0.0%;12.1%;67.1%;6.5%;0.0%;5.7%;92.7%;4.0%;0.0%;0.0%;0.0%;0.0% 
150130310000006;HORIZONTE;Vila do Conde;Tipo 1;300;55.0%;40.7%;3.7%;0.0%;0.0%;99.3%;0.0%;28.8%;70.3%;0.0%;0.0%;0.0%;100.0%;0.0%;0.0%;0.0%;0.0%;0.0% 
150130310000008;VILA D CA;Murucupi;Tipo 1;153;89.5%;8.5%;0.0%;0.0%;0.0%;100.0%;0.0%;4.0%;0.0%;0.0%;0.0%;0.0%;98.7%;0.0%;0.0%;0.0%;0.0%;0.0% 
150130310000015;JARDIM CA;Vila do Conde;Tipo 3;151;51.7%;47.7%;0.0%;0.0%;0.0%;98.7%;0.0%;4.0%;74.4%;0.0%;0.0%;0.0%;100.0%;0.0%;0.0%;0.0%;0.0%;0.0% 
150130310000016;ITUPANEMA;Vila do Conde;Tipo 3;85;52.9%;44.7%;0.0%;0.0%;0.0%;100.0%;0.0%;101.8%;0.0%;0.0%;0.0%;0.0%;100.0%;0.0%;0.0%;0.0%;0.0%;0.0% 
150130310000018;ITUPANEMA;Vila do Conde;Tipo 3;94;53.2%;36.2%;7.4%;0.0%;0.0%;97.9%;0.0%;5.3%;94.1%;0.0%;0.0%;0.0%;100.0%;0.0%;0.0%;0.0%;0.0%;0.0% 
150130310000022;;Vila do Conde;Tipo 1;220;0.0%;98.6%;0.0%;0.0%;0.0%;93.6%;1.4%;81.1%;18.4%;0.0%;0.0%;0.0%;89.5%;0.0%;8.3%;0.0%;2.3%;0.0% 
150130310000024;ITUPANEMA;Vila do Conde;Tipo 3;202;56.4%;43.1%;0.0%;0.0%;0.0%;99.5%;0.0%;6.9%;91.8%;0.0%;0.0%;0.0%;100.0%;0.0%;0.0%;0.0%;0.0%;0.0% 
150130310000025;ITUPANEMA;Vila do Conde;Tipo 3;96;0.0%;100.0%;0.0%;0.0%;0.0%;99.0%;0.0%;100.0%;0.0%;0.0%;0.0%;0.0%;100.0%;0.0%;0.0%;0.0%;0.0%;0.0% 
150130310000026;ITUPANEMA;Vila do Conde;Tipo 3;114;78.1%;21.9%;0.0%;0.0%;0.0%;100.0%;0.0%;0.0%;98.4%;0.0%;0.0%;0.0%;100.0%;0.0%;0.0%;0.0%;0.0%;0.0% 
150130310000029;HORIZONTE;Vila do Conde;Tipo 1;256;49.2%;50.8%;0.0%;0.0%;0.0%;96.1%;0.0%;85.8%;6.6%;1.2%;4.3%;0.0%;94.1%;0.0%;5.1%;0.0%;0.0%;0.0% 
150130310000031;VILA D CA;Murucupi;Tipo 3;183;95.1%;4.9%;0.0%;0.0%;0.0%;100.0%;0.0%;0.0%;1.6%;0.0%;0.0%;0.0%;100.0%;0.0%;0.0%;0.0%;0.0%;0.0% 
150130310000034;;Murucupi;Tipo 3;85;90.6%;9.4%;0.0%;0.0%;0.0%;100.0%;0.0%;0.0%;0.0%;0.0%;0.0%;0.0%;100.0%;0.0%;0.0%;0.0%;0.0%;0.0% 
150130310000037;ITUPANEMA;Vila do Conde;Tipo 3;145;31.0%;68.3%;0.0%;0.0%;0.0%;100.0%;0.0%;92.2%;2.1%;0.0%;0.0%;0.0%;99.3%;0.0%;0.0%;0.0%;0.0%;0.0% 
150130310000038;VILA NOVA;Vila do Conde;Tipo 3;179;25.7%;31.8%;12.8%;0.0%;0.0%;97.8%;0.0%;12.3%;79.8%;0.0%;0.0%;0.0%;99.4%;0.0%;0.0%;0.0%;0.0%;0.0% 
150130310000039;VILA NOVA;Vila do Conde;Tipo 3;136;0.0%;4.4%;54.4%;0.0%;0.0%;94.9%;0.0%;0.0%;99.3%;0.0%;0.0%;0.0%;94.9%;0.0%;5.2%;0.0%;0.0%;0.0% 
150130310000040;ITUPANEMA;Vila do Conde;Tipo 3;187;46.5%;37.4%;13.4%;0.0%;0.0%;100.0%;0.0%;96.6%;1.6%;0.0%;0.0%;0.0%;100.0%;0.0%;0.0%;0.0%;0.0%;0.0% 
150130310000041;ITUPANEMA;Vila do Conde;Tipo 3;102;87.3%;12.7%;0.0%;0.0%;0.0%;99.0%;0.0%;94.3%;0.0%;0.0%;0.0%;0.0%;100.0%;0.0%;0.0%;0.0%;0.0%;0.0% 
150130310000042;ITUPANEMA;Vila do Conde;Tipo 3;82;62.2%;37.8%;0.0%;0.0%;0.0%;98.8%;0.0%;0.0%;99.2%;0.0%;0.0%;0.0%;98.8%;0.0%;0.0%;0.0%;0.0%;0.0% 
150130310000043;JARDIM CA;Vila do Conde;Tipo 3;102;69.6%;30.4%;0.0%;0.0%;0.0%;99.0%;0.0%;96.4%;0.0%;0.0%;0.0%;0.0%;96.1%;0.0%;0.0%;0.0%;0.0%;2.9% 
150130310000045;;Murucupi;Tipo 3;151;95.4%;4.6%;0.0%;0.0%;0.0%;100.0%;0.0%;0.0%;27.6%;0.0%;0.0%;0.0%;100.0%;0.0%;0.0%;0.0%;0.0%;0.0% 
150130310000052;;Murucupi;Tipo 2;101;0.0%;31.7%;67.3%;0.0%;0.0%;89.1%;0.0%;89.0%;10.0%;0.0%;0.0%;0.0%;91.1%;3.0%;6.0%;0.0%;0.0%;0.0% 
150130310000053;;Murucupi;Tipo 2;300;38.3%;20.3%;41.0%;0.0%;0.0%;97.3%;0.0%;67.5%;30.4%;0.0%;0.0%;1.0%;68.3%;5.0%;26.7%;0.0%;0.0%;0.0% 
150130310000054;Água;Vila do Conde;Tipo 8;;;;;;;;;;;;;;;;;;; 
150130310000057;;Vila do Conde;Tipo 8;81;11.1%;23.5%;60.5%;0.0%;0.0%;76.5%;18.5%;0.0%;73.6%;7.5%;0.0%;0.0%;34.6%;0.0%;66.2%;0.0%;0.0%;0.0% 
150130310000061;VILA D CA;Murucupi;Tipo 3;180;0.0%;49.4%;49.4%;0.0%;0.0%;92.2%;0.0%;3.4%;88.2%;8.4%;0.0%;0.0%;91.1%;1.7%;2.2%;0.0%;4.5%;0.0% 
150130310000063;;Murucupi;Tipo 3;203;14.8%;19.7%;64.5%;0.0%;0.0%;85.2%;0.0%;3.0%;90.0%;4.5%;0.0%;3.0%;37.4%;36.3%;24.9%;0.0%;0.0%;1.5% 
150130310000065;V. DO CON;Vila do Conde;Tipo 1;106;13.2%;85.8%;0.0%;0.0%;0.0%;98.1%;0.0%;34.2%;54.2%;0.0%;0.0%;2.9%;90.6%;8.6%;0.0%;0.0%;0.0%;0.0% 
150130310000066;V. DO CON;Vila do Conde;Tipo 1;147;15.0%;72.1%;11.6%;0.0%;0.0%;98.6%;0.0%;77.9%;2.8%;3.4%;2.1%;0.0%;94.6%;4.1%;0.0%;0.0%;0.0%;0.0% 
150130310000067;V. DO CON;Vila do Conde;Tipo 1;187;35.3%;48.1%;16.6%;0.0%;0.0%;99.5%;0.0%;32.6%;45.4%;15.5%;3.2%;0.0%;98.4%;1.6%;0.0%;0.0%;0.0%;0.0% 
150130310000068;V. DO CON;Vila do Conde;Tipo 1;172;27.3%;68.0%;4.1%;0.0%;0.0%;98.3%;0.0%;7.6%;80.0%;0.0%;3.5%;2.9%;91.9%;8.2%;0.0%;0.0%;0.0%;0.0% 
150130310000069;VILA D CA;Murucupi;Tipo 3;106;86.8%;13.2%;0.0%;0.0%;0.0%;100.0%;0.0%;0.0%;0.0%;0.0%;0.0%;0.0%;100.0%;0.0%;0.0%;0.0%;0.0%;0.0% 
150130310000070;VILA D CA;Murucupi;Tipo 3;141;77.3%;22.7%;0.0%;0.0%;0.0%;98.6%;0.0%;10.6%;2.8%;2.8%;0.0%;0.0%;100.0%;0.0%;0.0%;0.0%;0.0%;0.0% 
150130310000071;VILA D CA;Murucupi;Tipo 3;197;76.6%;23.4%;0.0%;0.0%;0.0%;100.0%;0.0%;4.0%;10.6%;0.0%;0.0%;0.0%;99.5%;0.0%;0.0%;0.0%;0.0%;0.0% 
150130310000072;VILA D CA;Murucupi;Tipo 3;105;84.8%;13.3%;0.0%;0.0%;0.0%;100.0%;0.0%;0.0%;8.7%;0.0%;0.0%;0.0%;100.0%;0.0%;0.0%;0.0%;0.0%;0.0% 
150130310000073;VILA D CA;Murucupi;Tipo 3;184;88.0%;12.0%;0.0%;0.0%;0.0%;99.5%;0.0%;0.0%;2.7%;0.0%;0.0%;0.0%;100.0%;0.0%;0.0%;0.0%;0.0%;0.0% 
150130310000074;VILA D CA;Murucupi;Tipo 3;150;87.3%;12.0%;0.0%;0.0%;0.0%;100.0%;0.0%;2.0%;0.0%;0.0%;0.0%;0.0%;100.0%;0.0%;0.0%;0.0%;0.0%;0.0% 
150130310000075;VILA D CA;Murucupi;Tipo 3;154;81.2%;18.8%;0.0%;0.0%;0.0%;99.4%;0.0%;0.0%;0.0%;0.0%;0.0%;0.0%;100.0%;0.0%;0.0%;0.0%;0.0%;0.0% 
150130310000077;VILA D CA;Murucupi;Tipo 3;103;82.5%;17.5%;0.0%;0.0%;0.0%;99.0%;0.0%;5.8%;44.3%;0.0%;2.9%;0.0%;95.1%;4.8%;0.0%;0.0%;0.0%;0.0% 
150130310000078;VILA D CA;Murucupi;Tipo 3;168;81.0%;19.0%;0.0%;0.0%;0.0%;98.8%;0.0%;58.6%;0.0%;0.0%;0.0%;0.0%;99.4%;0.0%;0.0%;0.0%;0.0%;0.0% 
150130310000079;VILA D CA;Murucupi;Tipo 3;189;87.3%;12.7%;0.0%;0.0%;0.0%;100.0%;0.0%;2.6%;30.5%;0.0%;0.0%;0.0%;100.0%;0.0%;0.0%;0.0%;0.0%;0.0% 
150130310000080;VILA D CA;Murucupi;Tipo 3;131;93.1%;6.9%;0.0%;0.0%;0.0%;100.0%;0.0%;0.0%;25.8%;0.0%;0.0%;0.0%;98.5%;0.0%;0.0%;0.0%;0.0%;0.0% 
150130310000081;VILA D CA;Murucupi;Tipo 3;112;91.1%;8.0%;0.0%;0.0%;0.0%;100.0%;0.0%;0.0%;5.4%;0.0%;0.0%;0.0%;99.1%;0.0%;0.0%;0.0%;0.0%;0.0% 
150130310000082;VILA D CA;Murucupi;Tipo 3;187;74.9%;25.1%;0.0%;0.0%;0.0%;98.9%;0.0%;4.8%;4.8%;0.0%;0.0%;0.0%;98.4%;0.0%;0.0%;0.0%;0.0%;0.0% 
150130310000083;VILA D CA;Murucupi;Tipo 3;190;79.5%;20.5%;0.0%;0.0%;0.0%;100.0%;0.0%;0.0%;0.0%;0.0%;0.0%;0.0%;100.0%;0.0%;0.0%;0.0%;0.0%;0.0% 
150130310000085;VILA D CA;Murucupi;Tipo 3;182;63.2%;36.3%;0.0%;0.0%;0.0%;88.5%;0.0%;11.0%;13.8%;0.0%;0.0%;0.0%;90.7%;0.0%;8.3%;0.0%;0.0%;0.0% 
150130310000086;JARDIM CA;Vila do Conde;Tipo 3;58;51.7%;37.9%;10.3%;0.0%;0.0%;98.3%;0.0%;75.2%;0.0%;5.1%;0.0%;0.0%;100.0%;0.0%;0.0%;0.0%;0.0%;0.0% 
150130310000087;JARDIM CA;Vila do Conde;Tipo 3;148;34.5%;55.4%;10.1%;0.0%;0.0%;98.6%;0.0%;76.2%;0.0%;4.0%;0.0%;0.0%;98.6%;0.0%;0.0%;0.0%;0.0%;0.0% 
150130310000088;VILA NOVA;Vila do Conde;Tipo 3;85;22.4%;28.2%;24.7%;0.0%;0.0%;97.6%;0.0%;42.2%;57.5%;0.0%;0.0%;0.0%;98.8%;0.0%;0.0%;0.0%;0.0%;0.0% 
150130310000089;VILA NOVA;Vila do Conde;Tipo 3;192;2.1%;30.7%;9.9%;0.0%;0.0%;97.9%;0.0%;0.0%;100.0%;0.0%;0.0%;0.0%;92.7%;0.0%;7.3%;0.0%;0.0%;0.0% 
150130310000090;VILA D CA;Murucupi;Tipo 3;144;54.2%;45.8%;0.0%;0.0%;0.0%;100.0%;0.0%;0.0%;0.0%;0.0%;0.0%;0.0%;100.0%;0.0%;0.0%;0.0%;0.0%;0.0% 
150130310000091;VILA D CA;Murucupi;Tipo 3;117;80.3%;19.7%;0.0%;0.0%;0.0%;100.0%;0.0%;0.0%;0.0%;0.0%;0.0%;0.0%;100.0%;0.0%;0.0%;0.0%;0.0%;0.0% 
150130310000092;VILA D CA;Murucupi;Tipo 3;190;8.9%;84.7%;4.7%;0.0%;1.6%;98.4%;0.0%;93.1%;1.6%;0.0%;0.0%;0.0%;45.8%;24.2%;6.8%;0.0%;0.0%;22.1% 
150130310000094;VILA D CA;Murucupi;Tipo 3;159;27.0%;71.1%;0.0%;0.0%;1.9%;97.5%;0.0%;98.6%;0.0%;0.0%;0.0%;0.0%;100.0%;0.0%;0.0%;0.0%;0.0%;0.0% 
150130310000095;VILA D CA;Murucupi;Tipo 3;170;43.5%;55.9%;0.0%;0.0%;0.0%;99.4%;0.0%;87.9%;3.0%;0.0%;0.0%;0.0%;99.4%;0.0%;0.0%;0.0%;0.0%;0.0% 
150130310000096;VILA D CA;Murucupi;Tipo 3;181;52.5%;45.9%;1.7%;0.0%;0.0%;99.4%;0.0%;1.7%;94.2%;0.0%;0.0%;0.0%;98.9%;0.0%;0.0%;0.0%;0.0%;0.0% 
150130310000098;VILA D CA;Murucupi;Tipo 3;128;3.9%;96.1%;0.0%;0.0%;0.0%;97.7%;0.0%;10.9%;87.5%;0.0%;0.0%;0.0%;98.4%;0.0%;0.0%;0.0%;0.0%;0.0% 
150130310000099;VILA D CA;Murucupi;Tipo 3;184;0.0%;92.9%;4.3%;0.0%;0.0%;96.2%;0.0%;19.6%;79.3%;3.4%;0.0%;0.0%;97.8%;0.0%;0.0%;0.0%;0.0%;0.0% 
150130310000100;VILA D CA;Murucupi;Tipo 3;60;73.3%;23.3%;0.0%;0.0%;0.0%;96.7%;0.0%;0.0%;0.0%;0.0%;0.0%;0.0%;98.3%;0.0%;0.0%;0.0%;0.0%;0.0% 
150130310000101;VILA D CA;Murucupi;Tipo 3;55;89.1%;10.9%;0.0%;0.0%;0.0%;100.0%;0.0%;0.0%;0.0%;0.0%;0.0%;0.0%;89.1%;10.7%;0.0%;0.0%;0.0%;0.0% 
150130310000102;VILA NOVA;Vila do Conde;Tipo 3;119;65.5%;22.7%;10.9%;0.0%;0.0%;99.2%;0.0%;0.0%;96.9%;0.0%;0.0%;0.0%;97.5%;0.0%;0.0%;0.0%;0.0%;0.0% 
150130310000103;VILA NOVA;Vila do Conde;Tipo 3;103;68.9%;19.4%;11.7%;0.0%;0.0%;100.0%;0.0%;0.0%;98.4%;0.0%;0.0%;0.0%;99.0%;0.0%;0.0%;0.0%;0.0%;0.0% 
150130310000104;ITUPANEMA;Vila do Conde;Tipo 3;168;31.5%;58.3%;5.4%;0.0%;0.0%;97.0%;0.0%;0.0%;98.0%;0.0%;0.0%;0.0%;98.8%;0.0%;0.0%;0.0%;0.0%;0.0% 
150130310000105;ITUPANEMA;Vila do Conde;Tipo 3;67;9.0%;76.1%;14.9%;0.0%;0.0%;95.5%;0.0%;6.0%;87.9%;0.0%;0.0%;0.0%;98.5%;0.0%;0.0%;0.0%;0.0%;0.0% 
150130310000106;JARDIM CA;Vila do Conde;Tipo 3;124;77.4%;20.2%;2.4%;0.0%;0.0%;99.2%;0.0%;41.7%;32.1%;0.0%;0.0%;0.0%;96.0%;0.0%;4.0%;0.0%;0.0%;0.0% 
150130310000107;JARDIM CA;Vila do Conde;Tipo 3;143;39.2%;38.5%;22.4%;0.0%;0.0%;97.9%;0.0%;73.9%;10.5%;12.6%;0.0%;0.0%;96.5%;2.1%;0.0%;0.0%;0.0%;0.0% 
150130310000108;JARDIM CA;Vila do Conde;Tipo 3;146;33.6%;50.0%;16.4%;0.0%;0.0%;97.9%;0.0%;82.7%;2.7%;8.2%;0.0%;0.0%;100.0%;0.0%;0.0%;0.0%;0.0%;0.0% 
150130310000109;JARDIM CA;Vila do Conde;Tipo 3;135;78.5%;18.5%;3.0%;0.0%;0.0%;99.3%;0.0%;66.3%;6.6%;0.0%;0.0%;0.0%;100.0%;0.0%;0.0%;0.0%;0.0%;0.0% 
150130310000110;VILA D CA;Murucupi;Tipo 3;150;14.7%;85.3%;0.0%;0.0%;0.0%;99.3%;0.0%;42.6%;57.3%;0.0%;0.0%;0.0%;98.7%;0.0%;0.0%;0.0%;0.0%;0.0% 
150130310000111;VILA D CA;Murucupi;Tipo 3;65;9.2%;87.7%;0.0%;0.0%;0.0%;96.9%;0.0%;65.0%;34.9%;0.0%;0.0%;0.0%;96.9%;0.0%;0.0%;0.0%;0.0%;0.0% 
150130310000112;VILA D CA;Murucupi;Tipo 3;211;9.0%;90.5%;0.0%;0.0%;0.0%;99.5%;0.0%;93.8%;5.2%;0.0%;0.0%;0.0%;97.6%;0.0%;0.0%;0.0%;0.0%;0.0% 
150130310000113;VILA D CA;Murucupi;Tipo 3;67;43.3%;55.2%;0.0%;0.0%;0.0%;98.5%;0.0%;66.2%;4.5%;0.0%;0.0%;0.0%;98.5%;0.0%;0.0%;0.0%;0.0%;0.0% 
150130310000114;;Murucupi;Tipo 3;125;0.0%;61.6%;37.6%;0.0%;0.0%;96.8%;0.0%;25.8%;66.9%;7.3%;0.0%;0.0%;73.6%;0.0%;24.2%;0.0%;0.0%;0.0% 
150130310000115;;Murucupi;Tipo 3;96;20.8%;77.1%;0.0%;0.0%;0.0%;99.0%;0.0%;96.6%;0.0%;4.2%;0.0%;0.0%;44.8%;0.0%;38.2%;0.0%;0.0%;18.0% 
150130310000116;VILA D CA;Murucupi;Tipo 3;160;4.4%;36.9%;55.6%;0.0%;3.1%;93.8%;0.0%;1.9%;93.1%;0.0%;0.0%;3.1%;48.8%;26.2%;21.9%;0.0%;0.0%;0.0% 
150130310000117;VILA D CA;Murucupi;Tipo 3;107;3.7%;31.8%;64.5%;0.0%;0.0%;96.3%;0.0%;0.0%;98.1%;0.0%;0.0%;0.0%;26.2%;71.0%;2.8%;0.0%;0.0%;0.0% 
150130310000118;VILA D CA;Murucupi;Tipo 3;102;77.5%;20.6%;0.0%;0.0%;0.0%;98.0%;0.0%;88.3%;12.9%;0.0%;0.0%;0.0%;99.0%;0.0%;0.0%;0.0%;0.0%;0.0% 
150130310000119;VILA D CA;Murucupi;Tipo 3;113;44.2%;54.9%;0.0%;0.0%;0.0%;100.0%;0.0%;94.3%;6.2%;0.0%;0.0%;0.0%;98.2%;0.0%;0.0%;0.0%;0.0%;0.0% 
150130310000120;HORIZONTE;Vila do Conde;Tipo 1;117;62.4%;37.6%;0.0%;0.0%;0.0%;99.1%;0.0%;0.0%;98.6%;0.0%;0.0%;0.0%;99.1%;0.0%;0.0%;0.0%;0.0%;0.0% 
150130310000121;V.DO CON;Vila do Conde;Tipo 1;281;37.0%;59.4%;2.8%;0.0%;0.0%;98.9%;0.0%;8.6%;89.8%;1.1%;0.0%;0.0%;97.9%;2.1%;0.0%;0.0%;0.0%;0.0% 
150130310000122;VILA D CA;Murucupi;Tipo 3;84;89.3%;10.7%;0.0%;0.0%;0.0%;100.0%;0.0%;0.0%;0.0%;0.0%;0.0%;0.0%;100.0%;0.0%;0.0%;0.0%;0.0%;0.0% 
150130310000123;VILA D CA;Murucupi;Tipo 3;135;79.3%;20.7%;0.0%;0.0%;0.0%;100.0%;0.0%;0.0%;0.0%;0.0%;0.0%;0.0%;100.0%;0.0%;0.0%;0.0%;0.0%;0.0% 
150130310000124;;Vila do Conde;Tipo 8;211;0.0%;39.8%;58.8%;1.4%;0.0%;88.6%;0.0%;8.1%;91.0%;0.0%;0.0%;0.0%;31.3%;3.3%;63.0%;1.9%;0.0%;0.0% 
150130310000125;;Vila do Conde;Tipo 8;46;0.0%;21.7%;71.7%;0.0%;0.0%;87.0%;0.0%;;;;;;15.2%;;;;; 
150130310000058;;Vila do Conde;;;;;;;;;;;;;;;;;;;; 
150130305000141;Sem bairro;Ilhas;;;;;;;;;;;;;;;;;;;; 
150130305000238;;Murucupi;;;;;;;;;;;;;;;;;;;; 
150130305000178;Sem bairro;Estrada;;;;;;;;;;;;;;;;;;;; 
150130305000139;Sem bairro;Ilhas;;;;;;;;;;;;;;;;;;;; 
150130305000233;;Murucupi;;;;;;;;;;;;;;;;;;;; 
150130305000137;Sem bairro;Ilhas;;;;;;;;;;;;;;;;;;;; 
150130310000056;;Vila do Conde;;;;;;;;;;;;;;;;;;;; 
150130305000143;Sem bairro;Ilhas;;;;;;;;;;;;;;;;;;;;